,surveyID,DOC,DOI,POC,POI,old,resp_accuracy,mean_prop,missing_entries,alpha,egs,mDOC,mDOI,mPOC,mPOI,mid,min_rmse,r1,r2
0,06hegj8j20201103,1.0,1.0,0.6,0.8,False,0.9,0.85,0,0.1,1.3,0.642,0.546,0.408,0.5,177.0,0.464010140421648,10.0,-0.5
1,08pg7vs020201109,1.0,0.8,1.0,0.8,False,0.95,0.9,0,0.3,0.5,0.54,0.47600000000000003,0.5479999999999999,0.526,262.0,0.5164018216518875,0.1,-0.1
2,0l8rg1mg20201128,0.2,0.2,0.0,0.0,False,1.0,0.1,0,0.1,0.9,0.562,0.51,0.41,0.47200000000000003,137.0,0.46960917928411067,5.0,0.0
3,0uj1405b20200308,1.0,0.75,1.0,1.0,True,0.9473684210526316,0.9473684210526316,1,0.1,1.3,0.5760000000000001,0.39799999999999996,0.49200000000000005,0.5720000000000001,169.0,0.5089712905486233,5.0,-5.0
4,156cuu2w20201110,1.0,1.0,0.8,0.8,False,0.8947368421052632,0.8947368421052632,1,0.1,1.3,0.642,0.546,0.408,0.5,177.0,0.464335070104004,10.0,-0.5
5,18hkpswn20201104,0.6,0.0,0.3333333333333333,0.4,False,0.8,0.4,5,0.1,0.1,0.66,0.34,0.36200000000000004,0.588,57.0,0.390460525046731,1.0,-0.5
6,1az8fajr20200228,0.8,1.0,0.6,0.8,True,1.0,0.8,0,0.5,0.9,0.5579999999999999,0.526,0.452,0.55,484.0,0.4759002397406519,0.5,-0.1
7,1nl62prr20201102,0.8,1.0,1.0,0.6,False,1.0,0.85,0,0.1,0.5,0.442,0.55,0.49200000000000005,0.478,83.0,0.6232537501642769,0.1,0.0
8,1xfwyety20200129,0.6,0.8,1.0,1.0,True,0.9,0.85,0,0.9,0.1,0.348,0.37799999999999995,0.632,0.638,761.0,0.45592247488960136,0.0,0.0
9,2g561hrg20200114,0.6,1.0,0.6,0.6,True,1.0,0.7,0,0.1,0.5,0.442,0.55,0.49200000000000005,0.478,83.0,0.4529797729146112,0.1,0.0
10,2l0c9f5y20201201,0.6,0.8,1.0,1.0,False,1.0,0.85,0,0.9,0.1,0.348,0.37799999999999995,0.632,0.638,761.0,0.45592247488960136,0.0,0.0
11,2njwll2120201105,1.0,0.5,0.75,0.75,False,1.0,0.75,4,0.7,0.9,0.606,0.35200000000000004,0.466,0.638,662.0,0.4383237991750243,0.5,-1.0
12,2tobc1y520200127,0.3333333333333333,0.8,0.5,0.8,True,0.9411764705882352,0.6470588235294118,3,0.1,0.5,0.45799999999999996,0.54,0.504,0.532,81.0,0.47137616380439007,0.1,-0.5
13,3buyh5cf20201201,1.0,1.0,0.2,0.6,False,1.0,0.7,0,0.3,1.3,0.82,0.522,0.15,0.5,358.0,0.489334167493808,10.0,-0.1
14,3eawrh7a20200127,1.0,1.0,1.0,1.0,True,0.9,1.0,0,0.9,1.3,0.512,0.518,0.514,0.532,868.0,0.49295177505111437,0.0,-0.1
15,3oa8oht020201103,1.0,0.25,0.4,0.6,False,0.8333333333333334,0.5555555555555556,2,0.1,0.5,0.7759999999999999,0.322,0.218,0.5920000000000001,103.0,0.3473239090129301,10.0,-5.0
16,3r2ryu3720201113,1.0,1.0,0.6,0.6,False,1.0,0.8,0,0.1,1.3,0.642,0.546,0.408,0.5,177.0,0.4772864004286061,10.0,-0.5
17,3snwhrt620201123,1.0,1.0,1.0,1.0,False,1.0,1.0,7,0.9,1.3,0.512,0.518,0.514,0.532,868.0,0.49295177505111437,0.0,-0.1
18,3t6e4bdy20201116,1.0,1.0,0.8,0.4,False,0.95,0.8,0,0.1,1.3,0.598,0.514,0.46799999999999997,0.494,172.0,0.6725979721092731,5.0,-0.1
19,4keyrr2d20201120,0.6,0.8,0.8,0.8,False,0.9,0.75,0,0.1,0.5,0.45799999999999996,0.54,0.504,0.532,81.0,0.3327982275329302,0.1,-0.5
20,4mp9c1lx20201102,0.2,0.8,0.2,0.4,False,0.8,0.4,0,0.1,0.5,0.442,0.55,0.49200000000000005,0.478,83.0,0.5588618514815159,0.1,0.0
21,52eq140x20200217,1.0,1.0,1.0,1.0,True,0.95,1.0,0,0.9,1.3,0.512,0.518,0.514,0.532,868.0,0.49295177505111437,0.0,-0.1
22,568mzqtf20201105,0.6,1.0,1.0,0.8,False,0.95,0.85,0,0.1,0.5,0.442,0.55,0.49200000000000005,0.478,83.0,0.593706263854437,0.1,0.0
23,5vahoc0o20200127,1.0,0.4,0.6,0.75,True,1.0,0.6842105263157895,1,0.9,0.9,0.66,0.29,0.358,0.672,848.0,0.3866404030432544,1.0,-1.0
24,5vvjswl220201208,0.2,0.6,0.2,0.2,False,0.9,0.3,0,0.1,0.5,0.442,0.55,0.49200000000000005,0.478,83.0,0.43741990963904254,0.1,0.0
25,60a2h15h20201105,0.2,0.6,0.6,0.6,False,0.85,0.5,0,0.9,0.5,0.43,0.48,0.512,0.578,796.0,0.35262950910813307,0.0,-0.1
26,70on3oc120200214,0.8,0.4,0.4,0.6,True,1.0,0.55,0,0.1,0.9,0.696,0.37200000000000005,0.33,0.58,139.0,0.11890423607349121,10.0,-5.0
27,7c7ybket20200127,0.6,0.4,0.8,0.4,True,1.0,0.55,0,0.7,0.5,0.462,0.442,0.546,0.47600000000000003,616.0,0.3692263499241606,0.0,-0.1
28,7t97zebw20200211,1.0,0.8,0.8,0.6,True,0.95,0.8,0,0.1,1.3,0.598,0.514,0.46799999999999997,0.494,172.0,0.4654776864715331,5.0,-0.1
29,85kcpq4820200308,0.75,1.0,1.0,0.4,True,1.0,0.7777777777777778,2,0.1,0.5,0.442,0.55,0.49200000000000005,0.478,83.0,0.7354363739681659,0.1,0.0
30,8g0oakbb20200214,0.6,0.8,0.6,0.6,True,0.75,0.65,0,0.1,0.5,0.442,0.55,0.49200000000000005,0.478,83.0,0.24317211113588355,0.1,0.0
31,8s6t5xb720200129,0.8,0.3333333333333333,0.8,0.75,True,0.7058823529411765,0.7058823529411765,3,0.9,0.9,0.52,0.29,0.504,0.652,836.0,0.3899817131178662,0.1,-1.0
32,8xrzkbzl20201113,0.2,0.4,0.0,0.0,False,1.0,0.15,0,0.1,0.9,0.46399999999999997,0.46799999999999997,0.43799999999999994,0.462,113.0,0.5459751330459636,0.0,0.0
33,90za526r20200217,1.0,1.0,0.4,0.6,True,1.0,0.75,0,0.3,1.3,0.82,0.522,0.15,0.5,358.0,0.5008448203294645,10.0,-0.1
34,97b1s46u20201106,1.0,0.8,0.8,1.0,False,0.95,0.9,0,0.9,0.9,0.624,0.42,0.42200000000000004,0.628,843.0,0.3810208697594304,0.5,-0.5
35,9psntbym20201207,0.8,0.6,0.0,0.4,False,0.9,0.45,0,0.7,0.9,0.924,0.53,0.055999999999999994,0.49200000000000005,677.0,0.20637462128718673,5.0,0.0
36,9q080hvl20201204,1.0,1.0,0.6,0.6,False,0.9,0.8,0,0.1,1.3,0.642,0.546,0.408,0.5,177.0,0.4772864004286061,10.0,-0.5
37,ac6pz6rt20201102,0.0,0.6,0.0,0.2,False,1.0,0.2222222222222222,2,0.1,0.5,0.442,0.55,0.49200000000000005,0.478,83.0,0.6880082330925412,0.1,0.0
38,ackgo30v20200227,0.8,1.0,1.0,1.0,True,1.0,0.95,0,0.1,0.5,0.45799999999999996,0.54,0.504,0.532,81.0,0.5296224299111035,0.1,-0.5
39,aherzvzb20201106,0.4,0.4,0.2,0.4,False,1.0,0.35,0,0.1,0.9,0.5539999999999999,0.486,0.37799999999999995,0.48200000000000004,135.0,0.19999969089879682,5.0,-0.5
40,ak018tef20201118,0.8,1.0,0.8,1.0,False,0.85,0.9,0,0.1,0.5,0.47,0.508,0.444,0.556,76.0,0.5173706505412721,0.0,-0.1
41,am6ox9ao20201114,1.0,0.4,0.4,0.6,False,0.95,0.6,0,0.5,1.3,0.83,0.46799999999999997,0.248,0.574,531.0,0.27670931519492487,5.0,-0.5
42,awveeytc20201103,1.0,1.0,1.0,0.8,False,0.65,0.95,0,0.7,1.3,0.504,0.49200000000000005,0.54,0.5,694.0,0.5651713593603893,0.1,-0.1
43,b9zlolfy20200115,0.6,1.0,0.8,0.5,True,0.9444444444444444,0.7222222222222222,2,0.1,0.5,0.442,0.55,0.49200000000000005,0.478,83.0,0.5333356180621145,0.1,0.0
44,bdhboees20201112,1.0,1.0,1.0,0.8,False,0.9411764705882352,0.9411764705882352,3,0.7,1.3,0.504,0.49200000000000005,0.54,0.5,694.0,0.5651713593603893,0.1,-0.1
45,bjmjt11l20200129,0.0,0.0,0.0,0.0,True,1.0,0.0,10,0.1,0.9,0.46399999999999997,0.46799999999999997,0.43799999999999994,0.462,113.0,0.47496332386889195,0.0,0.0
46,blhofw6920201105,1.0,1.0,0.4,0.6,False,0.95,0.75,0,0.3,1.3,0.82,0.522,0.15,0.5,358.0,0.5008448203294645,10.0,-0.1
47,bnlv90xh20201104,1.0,0.6,0.8,0.8,False,1.0,0.8,0,0.7,0.9,0.606,0.35200000000000004,0.466,0.638,662.0,0.43462138452164667,0.5,-1.0
48,bs5meo4o20200214,1.0,1.0,1.0,1.0,True,0.9,1.0,0,0.9,1.3,0.512,0.518,0.514,0.532,868.0,0.49295177505111437,0.0,-0.1
49,bsd3r0g520200208,1.0,0.8,0.4,0.6,True,1.0,0.7,0,0.5,1.3,0.802,0.502,0.2,0.488,532.0,0.30592362604834256,5.0,-0.1
50,byybve5p20200301,0.75,0.75,0.8,0.4,True,0.8888888888888888,0.6666666666666666,2,0.7,1.3,0.504,0.49200000000000005,0.54,0.5,694.0,0.45666249216008914,0.1,-0.1
51,cm9hz4em20200226,0.0,0.25,0.5,0.25,True,1.0,0.2857142857142857,6,0.5,0.1,0.41200000000000003,0.424,0.634,0.556,401.0,0.4538079693335332,0.0,0.0
52,ct0z9wus20201202,0.0,0.0,,0.0,False,1.0,0.0,17,0.5,0.1,0.41200000000000003,0.424,0.634,0.556,401.0,100.0,0.0,0.0
53,d2xtpd3v20200213,1.0,1.0,0.4,0.6,True,0.85,0.75,0,0.3,1.3,0.82,0.522,0.15,0.5,358.0,0.5008448203294645,10.0,-0.1
54,dhnyqv2x20201111,0.6,0.5,0.4,0.0,False,0.9444444444444444,0.3888888888888889,2,0.5,0.9,0.508,0.504,0.488,0.456,485.0,0.5222074048941773,0.5,0.0
55,dkhfaswf20200127,0.6,0.6666666666666666,0.6,0.2,True,1.0,0.5,2,0.5,0.9,0.508,0.504,0.488,0.456,485.0,0.4131269089977352,0.5,0.0
56,dua9l90b20201126,1.0,0.6,0.8,0.2,False,0.9473684210526316,0.631578947368421,1,0.3,0.9,0.598,0.45799999999999996,0.45399999999999996,0.48,311.0,0.7231423258620042,1.0,0.0
57,e8v50m3620201123,1.0,0.6,0.6,0.75,False,1.0,0.7368421052631579,1,0.1,1.3,0.6779999999999999,0.414,0.376,0.56,175.0,0.32230062721503605,10.0,-5.0
58,epegm9yj20201204,1.0,0.6,1.0,0.6,False,0.95,0.8,0,0.3,0.5,0.54,0.47600000000000003,0.5479999999999999,0.526,262.0,0.622910379418103,0.1,-0.1
59,ervf6ysh20201119,1.0,0.8,0.6,0.4,False,1.0,0.7,0,0.1,1.3,0.642,0.546,0.408,0.5,177.0,0.47829698324490033,10.0,-0.5
60,etva11td20201113,1.0,1.0,0.4,0.4,False,0.95,0.7,0,0.1,1.3,0.642,0.546,0.408,0.5,177.0,0.5698578914365937,10.0,-0.5
61,eychrpxv20201114,1.0,1.0,0.8,1.0,False,1.0,0.95,0,0.5,0.9,0.5579999999999999,0.526,0.452,0.55,484.0,0.5016698415694648,0.5,-0.1
62,f10pqxun20200128,0.8,0.8,0.4,0.2,True,1.0,0.55,0,0.1,1.3,0.642,0.546,0.408,0.5,177.0,0.48516397445949966,10.0,-0.5
63,f5y8cohy20201116,0.0,0.6666666666666666,0.0,0.0,False,0.9411764705882352,0.1176470588235294,3,0.1,0.5,0.442,0.55,0.49200000000000005,0.478,83.0,0.7846436899014877,0.1,0.0
64,f94kjs2s20201109,0.6666666666666666,0.5,1.0,0.5,False,0.8888888888888888,0.6666666666666666,11,0.5,0.1,0.41200000000000003,0.424,0.634,0.556,401.0,0.4925363484018074,0.0,0.0
65,fhtjasuy20200309,1.0,1.0,0.4,1.0,True,0.9,0.85,0,0.5,1.3,0.76,0.45399999999999996,0.218,0.612,530.0,0.5891267299868245,5.0,-1.0
66,fngtfgsg20200131,1.0,1.0,1.0,0.4,True,1.0,0.85,0,0.1,0.9,0.546,0.494,0.49200000000000005,0.474,111.0,0.7958913895790002,0.0,-0.5
67,fpbpaetl20201119,1.0,1.0,0.8,0.8,False,0.9473684210526316,0.8947368421052632,1,0.1,1.3,0.642,0.546,0.408,0.5,177.0,0.464335070104004,10.0,-0.5
68,frcsr9et20201201,1.0,0.6,0.4,0.4,False,1.0,0.6,0,0.5,1.3,0.802,0.502,0.2,0.488,532.0,0.3392191038573946,5.0,-0.1
69,fyfm98tb20200210,0.2,0.8,0.6,0.6,True,0.95,0.55,0,0.1,0.5,0.442,0.55,0.49200000000000005,0.478,83.0,0.4834095055627986,0.1,0.0
70,g1eg0dp720201115,1.0,0.6,0.8,0.8,False,0.9,0.8,0,0.7,0.9,0.606,0.35200000000000004,0.466,0.638,662.0,0.43462138452164667,0.5,-1.0
71,g3raaqac20201201,0.4,1.0,0.8,0.6,False,1.0,0.6842105263157895,1,0.1,0.5,0.442,0.55,0.49200000000000005,0.478,83.0,0.5839277295928833,0.1,0.0
72,gksx3mam20201104,0.6,0.0,0.2,0.2,False,0.8947368421052632,0.2631578947368421,1,0.1,0.1,0.66,0.34,0.36200000000000004,0.588,57.0,0.48423526862303495,1.0,-0.5
73,hgg52m4220200227,0.8,0.6,0.0,0.0,True,1.0,0.35,0,0.5,1.3,0.802,0.502,0.2,0.488,532.0,0.5549226764722981,5.0,-0.1
74,jcgu7ukk20201207,0.8,0.75,0.8,0.6,False,0.9473684210526316,0.7368421052631579,1,0.3,0.5,0.54,0.47600000000000003,0.5479999999999999,0.526,262.0,0.3493283791052856,0.1,-0.1
75,jh3ododj20201104,1.0,1.0,0.8,0.8,False,1.0,0.9,0,0.1,1.3,0.642,0.546,0.408,0.5,177.0,0.464335070104004,10.0,-0.5
76,jhs83ny320200302,0.8,0.6,0.8,0.8,True,1.0,0.75,0,0.5,1.3,0.528,0.41200000000000003,0.532,0.5760000000000001,506.0,0.29600461512428267,0.0,-1.0
77,jsandtsm20201116,1.0,0.8,0.8,0.6,False,0.9,0.8,0,0.1,1.3,0.598,0.514,0.46799999999999997,0.494,172.0,0.4654776864715331,5.0,-0.1
78,jszq12ry20200302,1.0,0.75,0.4,0.6,True,0.9473684210526316,0.6842105263157895,1,0.5,1.3,0.802,0.502,0.2,0.488,532.0,0.2658155959201718,5.0,-0.1
79,jtgsfocm20201110,0.75,0.6,0.4,0.4,False,0.9473684210526316,0.5263157894736842,1,0.1,0.9,0.6579999999999999,0.49,0.344,0.46399999999999997,142.0,0.176005143942345,10.0,-0.1
80,jw9595dy20201103,0.25,0.6,0.0,0.2,False,0.8947368421052632,0.2631578947368421,1,0.1,0.5,0.442,0.55,0.49200000000000005,0.478,83.0,0.5595628332308138,0.1,0.0
81,k1nlvgjw20201120,1.0,0.8,0.8,0.6,False,0.95,0.8,0,0.1,1.3,0.598,0.514,0.46799999999999997,0.494,172.0,0.4654776864715331,5.0,-0.1
82,k5us58ta20201118,1.0,1.0,1.0,1.0,False,1.0,1.0,7,0.9,1.3,0.512,0.518,0.514,0.532,868.0,0.49295177505111437,0.0,-0.1
83,ka19xw0720201118,0.6,0.5,0.0,0.6,False,0.9473684210526316,0.42105263157894735,1,0.5,1.3,0.76,0.45399999999999996,0.218,0.612,530.0,0.30878000539924805,5.0,-1.0
84,khmdqt1d20201120,1.0,1.0,1.0,0.6,False,1.0,0.9,0,0.7,1.3,0.504,0.49200000000000005,0.54,0.5,694.0,0.6702209840190342,0.1,-0.1
85,khmqwngv20201125,0.8,1.0,0.8,0.8,False,0.95,0.85,0,0.1,0.5,0.442,0.55,0.49200000000000005,0.478,83.0,0.4380785894717659,0.1,0.0
86,kkdkln3w20201121,0.0,0.6,0.0,0.4,False,0.95,0.25,0,0.1,0.5,0.47,0.508,0.444,0.556,76.0,0.7059057992514829,0.0,-0.1
87,l6mx3upp20201111,0.0,0.0,0.0,0.0,False,0.8571428571428571,0.0,6,0.1,0.9,0.46399999999999997,0.46799999999999997,0.43799999999999994,0.462,113.0,0.47496332386889195,0.0,0.0
88,lavpu7s720201109,0.6666666666666666,1.0,1.0,0.8,False,1.0,0.8888888888888888,2,0.1,0.5,0.442,0.55,0.49200000000000005,0.478,83.0,0.5665621112259307,0.1,0.0
89,llfb9sc220201102,1.0,1.0,1.0,1.0,False,1.0,1.0,0,0.9,1.3,0.512,0.518,0.514,0.532,868.0,0.49295177505111437,0.0,-0.1
90,m5upgrz820200113,0.8,0.4,0.4,0.4,True,1.0,0.5,0,0.7,0.5,0.722,0.466,0.314,0.516,634.0,0.23218475307420317,1.0,-0.1
91,m77dce3920200208,0.6,0.6,0.8,0.8,True,1.0,0.7,0,0.7,0.1,0.426,0.38,0.634,0.61,581.0,0.2205354555317008,0.0,0.0
92,mjkg31a820201102,0.6,1.0,0.6,0.6,False,0.9444444444444444,0.6666666666666666,2,0.1,0.5,0.442,0.55,0.49200000000000005,0.478,83.0,0.4529797729146112,0.1,0.0
93,mlw4ef5020200128,1.0,1.0,0.75,0.75,True,0.7333333333333333,0.8666666666666667,5,0.1,1.3,0.642,0.546,0.408,0.5,177.0,0.4580123455592977,10.0,-0.5
94,mzbmhmq820201113,1.0,1.0,1.0,1.0,False,1.0,1.0,2,0.9,1.3,0.512,0.518,0.514,0.532,868.0,0.49295177505111437,0.0,-0.1
95,n10np7qf20200307,0.8,1.0,0.8,1.0,True,0.95,0.9,0,0.1,0.5,0.47,0.508,0.444,0.556,76.0,0.5173706505412721,0.0,-0.1
96,nll42gx020201125,0.6,1.0,0.8,0.2,False,0.95,0.65,0,0.1,0.5,0.442,0.55,0.49200000000000005,0.478,83.0,0.7292655973564439,0.1,0.0
97,nmflx2le20200308,0.8,1.0,1.0,1.0,True,1.0,0.95,0,0.1,0.5,0.45799999999999996,0.54,0.504,0.532,81.0,0.5296224299111035,0.1,-0.5
98,nn8l7htm20200208,0.8,1.0,1.0,1.0,True,0.95,0.95,0,0.1,0.5,0.45799999999999996,0.54,0.504,0.532,81.0,0.5296224299111035,0.1,-0.5
99,nv62373d20200306,0.8,0.6,0.4,0.6,True,1.0,0.6,0,0.1,0.5,0.6779999999999999,0.51,0.34,0.514,101.0,0.12265875993568924,5.0,0.0
100,o42peyga20200227,0.6666666666666666,0.75,0.75,1.0,True,0.9333333333333332,0.8,5,0.5,0.9,0.47200000000000003,0.43,0.5579999999999999,0.63,470.0,0.40662453045458047,0.0,-1.0
101,o5v23rrz20200304,0.4,0.4,0.4,0.2,True,1.0,0.35,0,0.5,0.9,0.508,0.504,0.488,0.456,485.0,0.2589624731484968,0.5,0.0
102,o6eldlqz20200129,0.8,0.5,1.0,0.75,True,1.0,0.7647058823529411,3,0.7,0.1,0.426,0.38,0.634,0.61,581.0,0.47373591277219024,0.0,0.0
103,ob5p7xxa20201119,0.8,1.0,1.0,0.8,False,0.9,0.9,0,0.1,0.5,0.442,0.55,0.49200000000000005,0.478,83.0,0.5360300947585198,0.1,0.0
104,ok6o9kx720200209,1.0,1.0,0.6,0.5,True,0.9444444444444444,0.7777777777777778,2,0.1,1.3,0.642,0.546,0.408,0.5,177.0,0.5223080442674077,10.0,-0.5
105,p2achudm20201123,1.0,1.0,1.0,1.0,False,1.0,1.0,0,0.9,1.3,0.512,0.518,0.514,0.532,868.0,0.49295177505111437,0.0,-0.1
106,p93k4k4v20201204,0.4,0.4,0.6,0.2,False,1.0,0.4,0,0.7,0.5,0.462,0.442,0.546,0.47600000000000003,616.0,0.33940718488105825,0.0,-0.1
107,pglz36nx20200127,1.0,1.0,1.0,0.8,True,1.0,0.95,0,0.7,1.3,0.504,0.49200000000000005,0.54,0.5,694.0,0.5651713593603893,0.1,-0.1
108,pl59ybvr20201103,1.0,0.8,0.8,0.8,False,0.95,0.85,0,0.3,0.9,0.598,0.45799999999999996,0.45399999999999996,0.48,311.0,0.3977534520490182,1.0,0.0
109,plcd2fbz20200301,0.25,0.5,0.3333333333333333,0.5,True,1.0,0.38461538461538464,7,0.1,0.5,0.47,0.508,0.444,0.556,76.0,0.25398341735436447,0.0,-0.1
110,pmqrpsua20200130,1.0,0.6,0.8,0.4,True,0.85,0.7,0,0.3,0.9,0.598,0.45799999999999996,0.45399999999999996,0.48,311.0,0.5765445979070758,1.0,0.0
111,pyb36j9a20200211,0.75,1.0,1.0,0.8,True,0.9473684210526316,0.8947368421052632,1,0.1,0.5,0.442,0.55,0.49200000000000005,0.478,83.0,0.5426228712923478,0.1,0.0
112,q1pba6fp20201106,0.6,0.5,0.5,0.5,False,0.9333333333333332,0.5333333333333333,5,0.1,0.5,0.5660000000000001,0.46399999999999997,0.47200000000000003,0.478,95.0,0.03732720187459353,1.0,0.0
113,qokbfd8720201125,0.6,0.6,0.4,0.6,False,1.0,0.55,0,0.1,1.3,0.614,0.536,0.38,0.506,179.0,0.1229212117472657,10.0,0.0
114,qv3wta5b20201118,1.0,1.0,1.0,1.0,False,1.0,1.0,0,0.9,1.3,0.512,0.518,0.514,0.532,868.0,0.49295177505111437,0.0,-0.1
115,r9lo90ts20200130,0.6666666666666666,1.0,0.6,1.0,True,0.9230769230769232,0.7692307692307693,7,0.1,0.5,0.47,0.508,0.444,0.556,76.0,0.5938545807491741,0.0,-0.1
116,s1somgf720200211,0.4,0.4,0.2,0.0,True,0.9,0.25,0,0.5,0.9,0.508,0.504,0.488,0.456,485.0,0.4615481879653003,0.5,0.0
117,s55aohfe20200128,0.3333333333333333,0.4,0.0,0.4,True,1.0,0.29411764705882354,3,0.1,0.5,0.638,0.512,0.322,0.516,99.0,0.3988288464369575,5.0,-0.5
118,svolj44520201207,1.0,1.0,0.6,1.0,False,1.0,0.9,0,0.7,0.5,0.672,0.49200000000000005,0.31,0.564,635.0,0.5374782140814611,1.0,0.0
119,sw68ajzc20200213,1.0,1.0,0.2,0.4,True,0.9,0.65,0,0.3,1.3,0.82,0.522,0.15,0.5,358.0,0.5422746453170542,10.0,-0.1
120,t7dcx8xl20201203,1.0,0.75,1.0,1.0,False,0.9473684210526316,0.9473684210526316,1,0.1,1.3,0.5760000000000001,0.39799999999999996,0.49200000000000005,0.5720000000000001,169.0,0.5089712905486233,5.0,-5.0
121,t9cdwyon20200113,1.0,1.0,0.8,0.6,True,0.95,0.85,0,0.1,1.3,0.598,0.514,0.46799999999999997,0.494,172.0,0.5506989425499883,5.0,-0.1
122,tkmy795t20200211,1.0,1.0,0.8,0.8,True,1.0,0.9,0,0.1,1.3,0.642,0.546,0.408,0.5,177.0,0.464335070104004,10.0,-0.5
123,ucnl2x7f20200212,1.0,1.0,0.8,0.8,True,1.0,0.9,0,0.1,1.3,0.642,0.546,0.408,0.5,177.0,0.464335070104004,10.0,-0.5
124,utt2nnyo20200113,0.6,0.8,0.4,0.4,True,0.8,0.55,0,0.1,0.5,0.442,0.55,0.49200000000000005,0.478,83.0,0.3349877736306187,0.1,0.0
125,uy7f303a20201124,1.0,0.8,0.4,0.2,False,1.0,0.6,0,0.1,0.9,0.6579999999999999,0.49,0.344,0.46399999999999997,142.0,0.5773591204356653,10.0,-0.1
126,vbv8ea3920201207,1.0,1.0,0.8,0.8,False,1.0,0.9,0,0.1,1.3,0.642,0.546,0.408,0.5,177.0,0.464335070104004,10.0,-0.5
127,vd9r5nk020201111,1.0,0.3333333333333333,0.75,1.0,False,0.8125,0.8125,4,0.3,1.3,0.6679999999999999,0.162,0.35600000000000004,0.826,348.0,0.4434797047517371,5.0,-10.0
128,vmm0jyvv20200217,0.8,1.0,0.2,0.2,True,0.95,0.55,0,0.1,1.3,0.642,0.546,0.408,0.5,177.0,0.6713448274413971,10.0,-0.5
129,vomf13pu20200214,0.0,0.25,0.6666666666666666,0.5,True,1.0,0.4,10,0.9,0.1,0.348,0.37799999999999995,0.632,0.638,761.0,0.3926000191753225,0.0,0.0
130,w0wujzqz20201208,0.8,0.6,0.8,0.0,False,0.9,0.55,0,0.1,0.9,0.546,0.494,0.49200000000000005,0.474,111.0,0.7983023692749449,0.0,-0.5
131,x2qq61ea20200129,1.0,1.0,0.6,0.8,True,0.875,0.8125,4,0.1,1.3,0.642,0.546,0.408,0.5,177.0,0.464010140421648,10.0,-0.5
132,x9y7eeqv20201103,0.0,0.2,0.0,0.2,False,1.0,0.1,0,0.1,0.5,0.47,0.508,0.444,0.556,76.0,0.5065148728763138,0.0,-0.1
133,xgy75o3f20201206,0.75,0.75,0.75,1.0,False,0.9285714285714286,0.7857142857142857,6,0.5,0.5,0.506,0.414,0.514,0.64,441.0,0.3883154893894844,0.1,-0.5
134,y5qncmp920200228,0.6,1.0,0.6,0.2,True,0.9,0.6,0,0.1,0.5,0.442,0.55,0.49200000000000005,0.478,83.0,0.6397591803083977,0.1,0.0
135,y8u8ss9t20201107,0.75,0.6666666666666666,0.6666666666666666,1.0,False,0.8461538461538461,0.7692307692307693,7,0.9,1.3,0.522,0.38,0.462,0.6779999999999999,878.0,0.3402584595729049,0.5,-1.0
136,ygepr20b20201121,1.0,1.0,1.0,1.0,False,0.95,1.0,0,0.9,1.3,0.512,0.518,0.514,0.532,868.0,0.49295177505111437,0.0,-0.1
137,yr4btkgb20201126,0.8,1.0,0.4,0.6,False,0.9473684210526316,0.6842105263157895,1,0.1,1.3,0.642,0.546,0.408,0.5,177.0,0.48138513689892465,10.0,-0.5
138,za0p1wmj20201115,1.0,1.0,1.0,0.8,False,0.95,0.95,0,0.7,1.3,0.504,0.49200000000000005,0.54,0.5,694.0,0.5651713593603893,0.1,-0.1
139,zalhzd5l20201120,1.0,1.0,1.0,1.0,False,0.95,1.0,0,0.9,1.3,0.512,0.518,0.514,0.532,868.0,0.49295177505111437,0.0,-0.1
140,zes08nnl20201116,0.75,0.5,1.0,0.8,False,0.9411764705882352,0.7647058823529411,3,0.7,0.1,0.426,0.38,0.634,0.61,581.0,0.42787383293064357,0.0,0.0
